"Table 2c. Gonorrhoea diagnosis numbers and rates in England and regions by gender, sexual orientation and age group 2019 to 2023",,,,,,,,,,,,,,,,,,,,,,,
This worksheet contains one table.,,,,,,,,,,,,,,,,,,,,,,,
"Some annual data (numbers and rates) refers to information that can be found on the Notes, caveats and glossary worksheet: 2020 [note 14], 2021 [note 14].",,,,,,,,,,,,,,,,,,,,,,,
"Some data labels refer to information that can be found on the Notes, caveats and glossary worksheet.",,,,,,,,,,,,,,,,,,,,,,,
Shorthand is used in this table. [x] = unavailable data and [c] = confidential data [note 15].,,,,,,,,,,,,,,,,,,,,,,,
"Rates are calculated per 100,000 population.",,,,,,,,,,,,,,,,,,,,,,,
Data type: residence data [note 3].,,,,,,,,,,,,,,,,,,,,,,,
Publication date: 4 June 2024.,,,,,,,,,,,,,,,,,,,,,,,
Area of residence,STI,Gender and sexual orientation,Age group ,2019 Numbers,2020 Numbers,2021 Numbers,2022 Numbers,2023 Numbers,"2019 
Rates","2020 
Rates","2021 
Rates","2022 
Rates","2023 
Rates",,,,,,,,,,
England,Gonorrhoea,Men,13 to 14,8,10,5,14,14,1.2,1.5,0.7,2.0,2.0,,,,,,,,,,
England,Gonorrhoea,Men,15 to 19,"3,157","1,971","1,789","3,778","3,574",197.4,121.4,108.0,222.6,210.6,,,,,,,,,,
England,Gonorrhoea,Men,20 to 24,"10,450","6,873","6,354","11,198","11,333",594.2,398.9,371.1,643.3,651.0,,,,,,,,,,
England,Gonorrhoea,Men,25 to 34,"20,982","15,651","15,486","21,955","24,234",561.8,420.8,416.6,582.5,643.0,,,,,,,,,,
England,Gonorrhoea,Men,35 to 44,"9,777","7,714","8,059","11,128","13,154",274.1,215.3,223.7,303.7,359.0,,,,,,,,,,
England,Gonorrhoea,Men,45 to 64,"6,136","4,571","4,727","6,612","7,471",86.0,63.9,65.9,92.2,104.2,,,,,,,,,,
England,Gonorrhoea,Men,65 and over,350,218,232,461,513,7.5,4.6,4.8,9.5,10.5,,,,,,,,,,
England,Gonorrhoea,Men,Other,51,43,4,1,5,[x],[x],[x],[x],[x],,,,,,,,,,
England,Gonorrhoea,Men,Total,"50,911","37,051","36,656","55,147","60,298",184.6,134.3,132.4,197.1,215.5,,,,,,,,,,
England,Gonorrhoea,MSW,13 to 14,3,4,3,10,13,[x],[x],[x],[x],[x],,,,,,,,,,
England,Gonorrhoea,MSW,15 to 19,"1,850","1,123",869,"2,235","2,252",266.9,162.0,125.4,322.5,325.0,,,,,,,,,,
England,Gonorrhoea,MSW,20 to 24,"4,672","2,902","2,152","4,800","5,068",244.1,151.6,112.4,250.8,264.8,,,,,,,,,,
England,Gonorrhoea,MSW,25 to 34,"5,409","3,825","3,104","4,256","4,973",165.5,117.0,94.9,130.2,152.1,,,,,,,,,,
England,Gonorrhoea,MSW,35 to 44,"1,878","1,382","1,268","1,527","1,963",58.2,42.8,39.3,47.3,60.9,,,,,,,,,,
England,Gonorrhoea,MSW,45 to 64,"1,177",733,662,851,"1,039",18.0,11.2,10.1,13.0,15.9,,,,,,,,,,
England,Gonorrhoea,MSW,65 and over,103,65,62,80,119,2.4,1.5,1.4,1.8,2.7,,,,,,,,,,
England,Gonorrhoea,MSW,Other,2,6,1,0,2,[x],[x],[x],[x],[x],,,,,,,,,,
England,Gonorrhoea,MSW,Total,"15,094","10,040","8,121","13,759","15,429",75.6,50.3,40.7,68.9,77.2,,,,,,,,,,
England,Gonorrhoea,GBMSM,13 to 14,4,4,1,0,0,[x],[x],[x],[x],[x],,,,,,,,,,
England,Gonorrhoea,GBMSM,15 to 19,"1,123",705,676,"1,148","1,005","5,120.8","3,214.8","3,082.5","5,234.8","4,582.8",,,,,,,,,,
England,Gonorrhoea,GBMSM,20 to 24,"5,339","3,574","3,431","5,335","5,319","5,358.3","3,586.9","3,443.4","5,354.3","5,338.2",,,,,,,,,,
England,Gonorrhoea,GBMSM,25 to 34,"14,855","10,995","10,842","15,994","17,524","8,685.1","6,428.3","6,338.9","9,351.0","10,245.6",,,,,,,,,,
England,Gonorrhoea,GBMSM,35 to 44,"7,595","5,993","6,124","8,921","10,355","6,409.0","5,057.2","5,167.7","7,528.0","8,738.0",,,,,,,,,,
England,Gonorrhoea,GBMSM,45 to 64,"4,704","3,657","3,686","5,358","6,028","2,928.7","2,276.9","2,294.9","3,335.9","3,753.1",,,,,,,,,,
England,Gonorrhoea,GBMSM,65 and over,222,140,149,339,354,537.7,339.1,360.9,821.1,857.5,,,,,,,,,,
England,Gonorrhoea,GBMSM,Other,49,36,2,0,1,[x],[x],[x],[x],[x],,,,,,,,,,
England,Gonorrhoea,GBMSM,Total,"33,891","25,104","24,911","37,095","40,586","5,528.6","4,095.2","4,063.7","6,051.2","6,620.7",,,,,,,,,,
England,Gonorrhoea,Women,13 to 14,64,28,27,27,30,10.2,4.4,4.1,4.0,4.4,,,,,,,,,,
England,Gonorrhoea,Women,15 to 19,"4,997","2,804","2,177","5,340","5,264",327.3,181.3,138.4,333.5,328.7,,,,,,,,,,
England,Gonorrhoea,Women,20 to 24,"6,717","4,440","3,764","7,824","8,109",380.7,258.9,221.7,461.6,478.4,,,,,,,,,,
England,Gonorrhoea,Women,25 to 34,"5,255","3,877","3,525","5,097","5,735",133.4,98.5,89.7,129.3,145.5,,,,,,,,,,
England,Gonorrhoea,Women,35 to 44,"1,332","1,022","1,113","1,405","1,680",36.1,27.4,29.3,36.2,43.3,,,,,,,,,,
England,Gonorrhoea,Women,45 to 64,658,372,434,604,716,9.0,5.0,5.9,8.1,9.7,,,,,,,,,,
England,Gonorrhoea,Women,65 and over,23,9,14,27,26,0.4,0.2,0.2,0.5,0.5,,,,,,,,,,
England,Gonorrhoea,Women,Other,8,3,4,3,3,[x],[x],[x],[x],[x],,,,,,,,,,
England,Gonorrhoea,Women,Total,"19,054","12,555","11,058","20,327","21,563",66.5,43.7,38.3,69.8,74.0,,,,,,,,,,
England,Gonorrhoea,WSM,13 to 14,59,25,26,24,25,[x],[x],[x],[x],[x],,,,,,,,,,
England,Gonorrhoea,WSM,15 to 19,"4,688","2,630","1,899","4,723","4,669",747.0,419.1,302.6,752.6,744.0,,,,,,,,,,
England,Gonorrhoea,WSM,20 to 24,"6,302","4,203","3,261","6,863","7,177",324.0,216.1,167.7,352.9,369.0,,,,,,,,,,
England,Gonorrhoea,WSM,25 to 34,"4,864","3,530","2,972","4,372","4,953",136.6,99.2,83.5,122.8,139.1,,,,,,,,,,
England,Gonorrhoea,WSM,35 to 44,"1,211",888,916,"1,152","1,423",34.9,25.6,26.4,33.2,41.1,,,,,,,,,,
England,Gonorrhoea,WSM,45 to 64,595,337,351,497,593,8.7,4.9,5.1,7.3,8.7,,,,,,,,,,
England,Gonorrhoea,WSM,65 and over,22,9,12,18,23,0.4,0.2,0.2,0.4,0.5,,,,,,,,,,
England,Gonorrhoea,WSM,Other,7,1,2,0,0,[x],[x],[x],[x],[x],,,,,,,,,,
England,Gonorrhoea,WSM,Total,"17,748","11,623","9,439","17,649","18,863",82.3,53.9,43.8,81.9,87.5,,,,,,,,,,
England,Gonorrhoea,WSW,13 to 14,1,0,0,0,0,[x],[x],[x],[x],[x],,,,,,,,,,
England,Gonorrhoea,WSW,15 to 19,31,28,29,53,33,305.9,276.3,286.2,523.0,325.7,,,,,,,,,,
England,Gonorrhoea,WSW,20 to 24,48,51,84,153,125,94.7,100.7,165.8,302.0,246.7,,,,,,,,,,
England,Gonorrhoea,WSW,25 to 34,82,100,109,178,167,109.2,133.2,145.2,237.1,222.4,,,,,,,,,,
England,Gonorrhoea,WSW,35 to 44,44,45,49,52,66,83.4,85.3,92.9,98.6,125.1,,,,,,,,,,
England,Gonorrhoea,WSW,45 to 64,22,10,23,28,33,31.4,14.3,32.9,40.0,47.1,,,,,,,,,,
England,Gonorrhoea,WSW,65 and over,0,0,0,6,2,0.0,0.0,0.0,46.8,15.6,,,,,,,,,,
England,Gonorrhoea,WSW,Other,1,1,0,0,0,[x],[x],[x],[x],[x],,,,,,,,,,
England,Gonorrhoea,WSW,Total,229,235,294,470,426,84.4,86.6,108.3,173.1,156.9,,,,,,,,,,
England,Gonorrhoea,Total,13 to 14,73,40,33,50,49,5.7,3.1,2.4,3.6,3.5,,,,,,,,,,
England,Gonorrhoea,Total,15 to 19,"8,312","4,899","4,158","9,792","9,398",265.9,154.6,128.8,296.8,284.9,,,,,,,,,,
England,Gonorrhoea,Total,20 to 24,"17,453","11,591","10,538","20,215","20,482",495.4,337.1,309.0,588.3,596.1,,,,,,,,,,
England,Gonorrhoea,Total,25 to 34,"26,618","19,919","19,581","28,182","31,011",346.9,260.2,256.0,365.5,402.2,,,,,,,,,,
England,Gonorrhoea,Total,35 to 44,"11,296","8,895","9,428","12,991","15,256",155.7,121.5,127.4,172.2,202.2,,,,,,,,,,
England,Gonorrhoea,Total,45 to 64,"6,926","5,047","5,317","7,511","8,458",47.8,34.7,36.5,51.5,58.0,,,,,,,,,,
England,Gonorrhoea,Total,65 and over,387,239,257,523,558,3.8,2.3,2.5,4.9,5.2,,,,,,,,,,
England,Gonorrhoea,Total,Other,68,48,9,4,11,[x],[x],[x],[x],[x],,,,,,,,,,
England,Gonorrhoea,Total,Total,"71,133","50,678","49,321","79,268","85,223",126.5,90.0,87.2,138.8,149.2,,,,,,,,,,
London,Gonorrhoea,Men,13 to 14,0,4,0,3,2,0.0,3.8,0.0,2.7,1.8,,,,,,,,,,
London,Gonorrhoea,Men,15 to 19,997,641,530,705,640,413.3,260.1,209.9,272.2,247.1,,,,,,,,,,
London,Gonorrhoea,Men,20 to 24,"4,291","2,961","2,742","3,623","3,734","1,431.3","1,035.4",968.7,"1,231.4","1,269.1",,,,,,,,,,
London,Gonorrhoea,Men,25 to 34,"12,107","9,546","9,046","12,092","13,529","1,563.0","1,245.3","1,193.3","1,573.4","1,760.4",,,,,,,,,,
London,Gonorrhoea,Men,35 to 44,"5,990","5,098","5,095","6,584","7,753",851.6,730.5,754.8,985.8,"1,160.9",,,,,,,,,,
London,Gonorrhoea,Men,45 to 64,"3,203","2,624","2,685","3,404","3,829",318.7,258.4,263.2,332.3,373.8,,,,,,,,,,
London,Gonorrhoea,Men,65 and over,122,82,92,147,172,26.6,17.7,19.6,30.7,35.9,,,,,,,,,,
London,Gonorrhoea,Men,Other,2,4,0,1,1,[x],[x],[x],[x],[x],,,,,,,,,,
London,Gonorrhoea,Men,Total,"26,712","20,960","20,190","26,559","29,660",617.4,486.6,473.0,617.3,689.3,,,,,,,,,,
London,Gonorrhoea,MSW,13 to 14,[c],[c],[c],[c],[c],[x],[x],[x],[x],[x],,,,,,,,,,
London,Gonorrhoea,MSW,15 to 19,[c],[c],[c],[c],[c],[x],[x],[x],[x],[x],,,,,,,,,,
London,Gonorrhoea,MSW,20 to 24,[c],[c],[c],[c],[c],[x],[x],[x],[x],[x],,,,,,,,,,
London,Gonorrhoea,MSW,25 to 34,[c],[c],[c],[c],[c],[x],[x],[x],[x],[x],,,,,,,,,,
London,Gonorrhoea,MSW,35 to 44,[c],[c],[c],[c],[c],[x],[x],[x],[x],[x],,,,,,,,,,
London,Gonorrhoea,MSW,45 to 64,[c],[c],[c],[c],[c],[x],[x],[x],[x],[x],,,,,,,,,,
London,Gonorrhoea,MSW,65 and over,[c],[c],[c],[c],[c],[x],[x],[x],[x],[x],,,,,,,,,,
London,Gonorrhoea,MSW,Other,[c],[c],[c],[c],[c],[x],[x],[x],[x],[x],,,,,,,,,,
London,Gonorrhoea,MSW,Total,"5,108","3,590","2,720","3,362","4,086",175.1,123.1,93.3,115.3,140.1,,,,,,,,,,
London,Gonorrhoea,GBMSM,13 to 14,[c],[c],[c],[c],[c],[x],[x],[x],[x],[x],,,,,,,,,,
London,Gonorrhoea,GBMSM,15 to 19,[c],[c],[c],[c],[c],[x],[x],[x],[x],[x],,,,,,,,,,
London,Gonorrhoea,GBMSM,20 to 24,[c],[c],[c],[c],[c],[x],[x],[x],[x],[x],,,,,,,,,,
London,Gonorrhoea,GBMSM,25 to 34,[c],[c],[c],[c],[c],[x],[x],[x],[x],[x],,,,,,,,,,
London,Gonorrhoea,GBMSM,35 to 44,[c],[c],[c],[c],[c],[x],[x],[x],[x],[x],,,,,,,,,,
London,Gonorrhoea,GBMSM,45 to 64,[c],[c],[c],[c],[c],[x],[x],[x],[x],[x],,,,,,,,,,
London,Gonorrhoea,GBMSM,65 and over,[c],[c],[c],[c],[c],[x],[x],[x],[x],[x],,,,,,,,,,
London,Gonorrhoea,GBMSM,Other,[c],[c],[c],[c],[c],[x],[x],[x],[x],[x],,,,,,,,,,
London,Gonorrhoea,GBMSM,Total,"20,546","16,113","15,558","21,247","23,542","13,275.8","10,411.4","10,052.8","13,728.7","15,211.6",,,,,,,,,,
London,Gonorrhoea,Women,13 to 14,15,9,8,6,7,15.4,9.0,7.7,5.7,6.6,,,,,,,,,,
London,Gonorrhoea,Women,15 to 19,"1,322",807,524,662,672,563.9,338.1,215.3,267.3,271.3,,,,,,,,,,
London,Gonorrhoea,Women,20 to 24,"1,851","1,278","1,039","1,521","1,619",567.9,415.8,342.9,486.3,517.6,,,,,,,,,,
London,Gonorrhoea,Women,25 to 34,"1,753","1,370","1,129","1,711","1,988",203.4,160.5,135.9,206.2,239.6,,,,,,,,,,
London,Gonorrhoea,Women,35 to 44,447,386,377,468,511,61.9,52.9,51.9,64.5,70.5,,,,,,,,,,
London,Gonorrhoea,Women,45 to 64,198,120,122,156,199,19.0,11.3,11.4,14.5,18.5,,,,,,,,,,
London,Gonorrhoea,Women,65 and over,7,2,2,6,9,1.2,0.3,0.3,1.0,1.5,,,,,,,,,,
London,Gonorrhoea,Women,Other,1,1,2,2,2,[x],[x],[x],[x],[x],,,,,,,,,,
London,Gonorrhoea,Women,Total,"5,594","3,973","3,203","4,532","5,007",122.6,87.1,70.6,99.3,109.7,,,,,,,,,,
London,Gonorrhoea,WSM,13 to 14,[c],[c],[c],[c],[c],[x],[x],[x],[x],[x],,,,,,,,,,
London,Gonorrhoea,WSM,15 to 19,[c],[c],[c],[c],[c],[x],[x],[x],[x],[x],,,,,,,,,,
London,Gonorrhoea,WSM,20 to 24,[c],[c],[c],[c],[c],[x],[x],[x],[x],[x],,,,,,,,,,
London,Gonorrhoea,WSM,25 to 34,[c],[c],[c],[c],[c],[x],[x],[x],[x],[x],,,,,,,,,,
London,Gonorrhoea,WSM,35 to 44,[c],[c],[c],[c],[c],[x],[x],[x],[x],[x],,,,,,,,,,
London,Gonorrhoea,WSM,45 to 64,[c],[c],[c],[c],[c],[x],[x],[x],[x],[x],,,,,,,,,,
London,Gonorrhoea,WSM,65 and over,[c],[c],[c],[c],[c],[x],[x],[x],[x],[x],,,,,,,,,,
London,Gonorrhoea,WSM,Other,[c],[c],[c],[c],[c],[x],[x],[x],[x],[x],,,,,,,,,,
London,Gonorrhoea,WSM,Total,"4,989","3,468","2,604","3,757","4,206",152.0,105.7,79.4,114.5,128.2,,,,,,,,,,
London,Gonorrhoea,WSW,13 to 14,[c],[c],[c],[c],[c],[x],[x],[x],[x],[x],,,,,,,,,,
London,Gonorrhoea,WSW,15 to 19,[c],[c],[c],[c],[c],[x],[x],[x],[x],[x],,,,,,,,,,
London,Gonorrhoea,WSW,20 to 24,[c],[c],[c],[c],[c],[x],[x],[x],[x],[x],,,,,,,,,,
London,Gonorrhoea,WSW,25 to 34,[c],[c],[c],[c],[c],[x],[x],[x],[x],[x],,,,,,,,,,
London,Gonorrhoea,WSW,35 to 44,[c],[c],[c],[c],[c],[x],[x],[x],[x],[x],,,,,,,,,,
London,Gonorrhoea,WSW,45 to 64,[c],[c],[c],[c],[c],[x],[x],[x],[x],[x],,,,,,,,,,
London,Gonorrhoea,WSW,65 and over,[c],[c],[c],[c],[c],[x],[x],[x],[x],[x],,,,,,,,,,
London,Gonorrhoea,WSW,Other,[c],[c],[c],[c],[c],[x],[x],[x],[x],[x],,,,,,,,,,
London,Gonorrhoea,WSW,Total,134,134,184,301,251,359.8,359.8,494.1,808.3,674.0,,,,,,,,,,
London,Gonorrhoea,Total,13 to 14,15,13,8,10,9,7.5,6.4,3.8,4.6,4.2,,,,,,,,,,
London,Gonorrhoea,Total,15 to 19,"2,341","1,460","1,075","1,412","1,361",492.2,301.0,216.8,278.7,268.6,,,,,,,,,,
London,Gonorrhoea,Total,20 to 24,"6,213","4,289","3,855","5,261","5,470",992.9,722.9,657.8,866.7,901.1,,,,,,,,,,
London,Gonorrhoea,Total,25 to 34,"13,977","11,012","10,300","14,045","15,800",854.1,679.7,648.2,878.8,988.6,,,,,,,,,,
London,Gonorrhoea,Total,35 to 44,"6,507","5,535","5,521","7,121","8,340",456.5,387.8,393.9,511.2,598.7,,,,,,,,,,
London,Gonorrhoea,Total,45 to 64,"3,440","2,757","2,829","3,599","4,064",167.9,132.9,135.3,171.2,193.3,,,,,,,,,,
London,Gonorrhoea,Total,65 and over,133,84,96,156,184,12.9,8.1,9.1,14.6,17.2,,,,,,,,,,
London,Gonorrhoea,Total,Other,5,5,2,3,4,[x],[x],[x],[x],[x],,,,,,,,,,
London,Gonorrhoea,Total,Total,"32,631","25,155","23,686","31,607","35,232",367.1,283.7,269.0,356.5,397.4,,,,,,,,,,
East of England,Gonorrhoea,Men,13 to 14,0,0,0,2,0,0.0,0.0,0.0,2.4,0.0,,,,,,,,,,
East of England,Gonorrhoea,Men,15 to 19,223,156,111,244,256,121.5,84.0,58.9,128.2,134.5,,,,,,,,,,
East of England,Gonorrhoea,Men,20 to 24,690,508,361,668,764,378.8,280.8,197.1,368.4,421.4,,,,,,,,,,
East of England,Gonorrhoea,Men,25 to 34,964,773,727,"1,041","1,141",234.1,188.0,175.2,249.9,274.0,,,,,,,,,,
East of England,Gonorrhoea,Men,35 to 44,400,344,355,455,519,96.1,82.1,83.5,105.3,120.1,,,,,,,,,,
East of England,Gonorrhoea,Men,45 to 64,332,233,253,331,390,39.4,27.5,29.7,38.8,45.7,,,,,,,,,,
East of England,Gonorrhoea,Men,65 and over,23,15,14,23,34,4.0,2.6,2.4,3.8,5.7,,,,,,,,,,
East of England,Gonorrhoea,Men,Other,8,2,0,0,0,[x],[x],[x],[x],[x],,,,,,,,,,
East of England,Gonorrhoea,Men,Total,"2,640","2,031","1,821","2,764","3,104",82.0,62.9,55.9,84.2,94.5,,,,,,,,,,
East of England,Gonorrhoea,MSW,13 to 14,[c],[c],[c],[c],[c],[x],[x],[x],[x],[x],,,,,,,,,,
East of England,Gonorrhoea,MSW,15 to 19,[c],[c],[c],[c],[c],[x],[x],[x],[x],[x],,,,,,,,,,
East of England,Gonorrhoea,MSW,20 to 24,[c],[c],[c],[c],[c],[x],[x],[x],[x],[x],,,,,,,,,,
East of England,Gonorrhoea,MSW,25 to 34,[c],[c],[c],[c],[c],[x],[x],[x],[x],[x],,,,,,,,,,
East of England,Gonorrhoea,MSW,35 to 44,[c],[c],[c],[c],[c],[x],[x],[x],[x],[x],,,,,,,,,,
East of England,Gonorrhoea,MSW,45 to 64,[c],[c],[c],[c],[c],[x],[x],[x],[x],[x],,,,,,,,,,
East of England,Gonorrhoea,MSW,65 and over,[c],[c],[c],[c],[c],[x],[x],[x],[x],[x],,,,,,,,,,
East of England,Gonorrhoea,MSW,Other,[c],[c],[c],[c],[c],[x],[x],[x],[x],[x],,,,,,,,,,
East of England,Gonorrhoea,MSW,Total,"1,110",795,620,975,"1,085",47.0,33.6,26.2,41.3,45.9,,,,,,,,,,
East of England,Gonorrhoea,GBMSM,13 to 14,[c],[c],[c],[c],[c],[x],[x],[x],[x],[x],,,,,,,,,,
East of England,Gonorrhoea,GBMSM,15 to 19,[c],[c],[c],[c],[c],[x],[x],[x],[x],[x],,,,,,,,,,
East of England,Gonorrhoea,GBMSM,20 to 24,[c],[c],[c],[c],[c],[x],[x],[x],[x],[x],,,,,,,,,,
East of England,Gonorrhoea,GBMSM,25 to 34,[c],[c],[c],[c],[c],[x],[x],[x],[x],[x],,,,,,,,,,
East of England,Gonorrhoea,GBMSM,35 to 44,[c],[c],[c],[c],[c],[x],[x],[x],[x],[x],,,,,,,,,,
East of England,Gonorrhoea,GBMSM,45 to 64,[c],[c],[c],[c],[c],[x],[x],[x],[x],[x],,,,,,,,,,
East of England,Gonorrhoea,GBMSM,65 and over,[c],[c],[c],[c],[c],[x],[x],[x],[x],[x],,,,,,,,,,
East of England,Gonorrhoea,GBMSM,Other,[c],[c],[c],[c],[c],[x],[x],[x],[x],[x],,,,,,,,,,
East of England,Gonorrhoea,GBMSM,Total,"1,482","1,175","1,128","1,708","1,897","2,651.3","2,102.0","2,018.0","3,055.6","3,393.7",,,,,,,,,,
East of England,Gonorrhoea,Women,13 to 14,5,2,0,2,1,6.8,2.7,0.0,2.5,1.2,,,,,,,,,,
East of England,Gonorrhoea,Women,15 to 19,374,211,122,280,348,216.1,120.8,69.2,157.9,196.3,,,,,,,,,,
East of England,Gonorrhoea,Women,20 to 24,529,394,233,472,458,297.9,226.1,133.4,279.0,270.7,,,,,,,,,,
East of England,Gonorrhoea,Women,25 to 34,395,283,259,311,339,91.7,65.6,59.4,71.6,78.0,,,,,,,,,,
East of England,Gonorrhoea,Women,35 to 44,116,96,88,86,127,26.8,21.9,19.7,18.8,27.7,,,,,,,,,,
East of England,Gonorrhoea,Women,45 to 64,53,39,34,48,67,6.1,4.5,3.9,5.5,7.6,,,,,,,,,,
East of England,Gonorrhoea,Women,65 and over,3,3,3,3,4,0.4,0.4,0.4,0.4,0.6,,,,,,,,,,
East of England,Gonorrhoea,Women,Other,0,0,2,0,0,[x],[x],[x],[x],[x],,,,,,,,,,
East of England,Gonorrhoea,Women,Total,"1,475","1,028",741,"1,202","1,344",44.2,30.7,21.9,35.3,39.4,,,,,,,,,,
East of England,Gonorrhoea,WSM,13 to 14,[c],[c],[c],[c],[c],[x],[x],[x],[x],[x],,,,,,,,,,
East of England,Gonorrhoea,WSM,15 to 19,[c],[c],[c],[c],[c],[x],[x],[x],[x],[x],,,,,,,,,,
East of England,Gonorrhoea,WSM,20 to 24,[c],[c],[c],[c],[c],[x],[x],[x],[x],[x],,,,,,,,,,
East of England,Gonorrhoea,WSM,25 to 34,[c],[c],[c],[c],[c],[x],[x],[x],[x],[x],,,,,,,,,,
East of England,Gonorrhoea,WSM,35 to 44,[c],[c],[c],[c],[c],[x],[x],[x],[x],[x],,,,,,,,,,
East of England,Gonorrhoea,WSM,45 to 64,[c],[c],[c],[c],[c],[x],[x],[x],[x],[x],,,,,,,,,,
East of England,Gonorrhoea,WSM,65 and over,[c],[c],[c],[c],[c],[x],[x],[x],[x],[x],,,,,,,,,,
East of England,Gonorrhoea,WSM,Other,[c],[c],[c],[c],[c],[x],[x],[x],[x],[x],,,,,,,,,,
East of England,Gonorrhoea,WSM,Total,"1,448",989,705,"1,152","1,262",57.3,39.2,27.9,45.6,50.0,,,,,,,,,,
East of England,Gonorrhoea,WSW,13 to 14,[c],[c],[c],[c],[c],[x],[x],[x],[x],[x],,,,,,,,,,
East of England,Gonorrhoea,WSW,15 to 19,[c],[c],[c],[c],[c],[x],[x],[x],[x],[x],,,,,,,,,,
East of England,Gonorrhoea,WSW,20 to 24,[c],[c],[c],[c],[c],[x],[x],[x],[x],[x],,,,,,,,,,
East of England,Gonorrhoea,WSW,25 to 34,[c],[c],[c],[c],[c],[x],[x],[x],[x],[x],,,,,,,,,,
East of England,Gonorrhoea,WSW,35 to 44,[c],[c],[c],[c],[c],[x],[x],[x],[x],[x],,,,,,,,,,
East of England,Gonorrhoea,WSW,45 to 64,[c],[c],[c],[c],[c],[x],[x],[x],[x],[x],,,,,,,,,,
East of England,Gonorrhoea,WSW,65 and over,[c],[c],[c],[c],[c],[x],[x],[x],[x],[x],,,,,,,,,,
East of England,Gonorrhoea,WSW,Other,[c],[c],[c],[c],[c],[x],[x],[x],[x],[x],,,,,,,,,,
East of England,Gonorrhoea,WSW,Total,9,16,14,15,16,32.7,58.0,50.8,54.4,58.0,,,,,,,,,,
East of England,Gonorrhoea,Total,13 to 14,5,2,0,4,1,3.3,1.3,0.0,2.4,0.6,,,,,,,,,,
East of England,Gonorrhoea,Total,15 to 19,612,388,262,590,667,171.7,107.7,71.8,160.5,181.5,,,,,,,,,,
East of England,Gonorrhoea,Total,20 to 24,"1,239",937,652,"1,242","1,337",344.4,263.8,182.2,354.4,381.5,,,,,,,,,,
East of England,Gonorrhoea,Total,25 to 34,"1,389","1,116","1,059","1,460","1,620",164.8,132.5,124.5,171.6,190.4,,,,,,,,,,
East of England,Gonorrhoea,Total,35 to 44,536,458,481,599,702,63.1,53.5,55.1,67.3,78.8,,,,,,,,,,
East of England,Gonorrhoea,Total,45 to 64,400,293,318,416,500,23.4,17.0,18.4,24.0,28.9,,,,,,,,,,
East of England,Gonorrhoea,Total,65 and over,28,22,18,31,39,2.2,1.7,1.4,2.4,3.0,,,,,,,,,,
East of England,Gonorrhoea,Total,Other,11,4,2,0,0,[x],[x],[x],[x],[x],,,,,,,,,,
East of England,Gonorrhoea,Total,Total,"4,220","3,220","2,792","4,342","4,866",64.4,48.9,42.1,64.9,72.7,,,,,,,,,,
East Midlands,Gonorrhoea,Men,13 to 14,0,0,1,2,2,0.0,0.0,1.7,3.3,3.3,,,,,,,,,,
East Midlands,Gonorrhoea,Men,15 to 19,272,131,148,378,375,192.3,91.6,101.3,252.4,250.4,,,,,,,,,,
East Midlands,Gonorrhoea,Men,20 to 24,666,409,379,807,852,416.3,261.2,245.8,514.6,543.3,,,,,,,,,,
East Midlands,Gonorrhoea,Men,25 to 34,758,531,490,794,901,250.6,175.4,161.4,258.0,292.8,,,,,,,,,,
East Midlands,Gonorrhoea,Men,35 to 44,281,196,258,356,444,97.3,67.3,87.3,117.9,147.0,,,,,,,,,,
East Midlands,Gonorrhoea,Men,45 to 64,279,179,172,273,367,44.1,28.2,27.1,42.9,57.7,,,,,,,,,,
East Midlands,Gonorrhoea,Men,65 and over,26,21,22,35,39,6.0,4.8,4.9,7.7,8.6,,,,,,,,,,
East Midlands,Gonorrhoea,Men,Other,1,1,0,0,0,[x],[x],[x],[x],[x],,,,,,,,,,
East Midlands,Gonorrhoea,Men,Total,"2,283","1,468","1,470","2,645","2,980",95.7,61.4,61.2,108.8,122.6,,,,,,,,,,
East Midlands,Gonorrhoea,MSW,13 to 14,[c],[c],[c],[c],[c],[x],[x],[x],[x],[x],,,,,,,,,,
East Midlands,Gonorrhoea,MSW,15 to 19,[c],[c],[c],[c],[c],[x],[x],[x],[x],[x],,,,,,,,,,
East Midlands,Gonorrhoea,MSW,20 to 24,[c],[c],[c],[c],[c],[x],[x],[x],[x],[x],,,,,,,,,,
East Midlands,Gonorrhoea,MSW,25 to 34,[c],[c],[c],[c],[c],[x],[x],[x],[x],[x],,,,,,,,,,
East Midlands,Gonorrhoea,MSW,35 to 44,[c],[c],[c],[c],[c],[x],[x],[x],[x],[x],,,,,,,,,,
East Midlands,Gonorrhoea,MSW,45 to 64,[c],[c],[c],[c],[c],[x],[x],[x],[x],[x],,,,,,,,,,
East Midlands,Gonorrhoea,MSW,65 and over,[c],[c],[c],[c],[c],[x],[x],[x],[x],[x],,,,,,,,,,
East Midlands,Gonorrhoea,MSW,Other,[c],[c],[c],[c],[c],[x],[x],[x],[x],[x],,,,,,,,,,
East Midlands,Gonorrhoea,MSW,Total,"1,193",696,637,"1,209","1,381",67.8,39.5,36.2,68.7,78.4,,,,,,,,,,
East Midlands,Gonorrhoea,GBMSM,13 to 14,[c],[c],[c],[c],[c],[x],[x],[x],[x],[x],,,,,,,,,,
East Midlands,Gonorrhoea,GBMSM,15 to 19,[c],[c],[c],[c],[c],[x],[x],[x],[x],[x],,,,,,,,,,
East Midlands,Gonorrhoea,GBMSM,20 to 24,[c],[c],[c],[c],[c],[x],[x],[x],[x],[x],,,,,,,,,,
East Midlands,Gonorrhoea,GBMSM,25 to 34,[c],[c],[c],[c],[c],[x],[x],[x],[x],[x],,,,,,,,,,
East Midlands,Gonorrhoea,GBMSM,35 to 44,[c],[c],[c],[c],[c],[x],[x],[x],[x],[x],,,,,,,,,,
East Midlands,Gonorrhoea,GBMSM,45 to 64,[c],[c],[c],[c],[c],[x],[x],[x],[x],[x],,,,,,,,,,
East Midlands,Gonorrhoea,GBMSM,65 and over,[c],[c],[c],[c],[c],[x],[x],[x],[x],[x],,,,,,,,,,
East Midlands,Gonorrhoea,GBMSM,Other,[c],[c],[c],[c],[c],[x],[x],[x],[x],[x],,,,,,,,,,
East Midlands,Gonorrhoea,GBMSM,Total,"1,023",716,777,"1,347","1,487","2,380.7","1,666.3","1,808.2","3,134.7","3,460.6",,,,,,,,,,
East Midlands,Gonorrhoea,Women,13 to 14,8,1,6,3,3,15.1,1.8,10.7,5.2,5.2,,,,,,,,,,
East Midlands,Gonorrhoea,Women,15 to 19,542,266,207,561,626,401.4,195.0,149.6,399.7,446.0,,,,,,,,,,
East Midlands,Gonorrhoea,Women,20 to 24,600,383,283,693,790,382.9,249.9,187.7,464.5,529.5,,,,,,,,,,
East Midlands,Gonorrhoea,Women,25 to 34,380,272,236,323,344,121.5,86.7,74.9,102.0,108.6,,,,,,,,,,
East Midlands,Gonorrhoea,Women,35 to 44,106,80,70,87,84,35.7,26.6,22.8,27.5,26.5,,,,,,,,,,
East Midlands,Gonorrhoea,Women,45 to 64,64,26,29,43,61,9.9,4.0,4.4,6.6,9.4,,,,,,,,,,
East Midlands,Gonorrhoea,Women,65 and over,3,0,2,1,1,0.6,0.0,0.4,0.2,0.2,,,,,,,,,,
East Midlands,Gonorrhoea,Women,Other,1,0,0,1,1,[x],[x],[x],[x],[x],,,,,,,,,,
East Midlands,Gonorrhoea,Women,Total,"1,704","1,028",833,"1,712","1,910",69.3,41.7,33.6,68.4,76.3,,,,,,,,,,
East Midlands,Gonorrhoea,WSM,13 to 14,[c],[c],[c],[c],[c],[x],[x],[x],[x],[x],,,,,,,,,,
East Midlands,Gonorrhoea,WSM,15 to 19,[c],[c],[c],[c],[c],[x],[x],[x],[x],[x],,,,,,,,,,
East Midlands,Gonorrhoea,WSM,20 to 24,[c],[c],[c],[c],[c],[x],[x],[x],[x],[x],,,,,,,,,,
East Midlands,Gonorrhoea,WSM,25 to 34,[c],[c],[c],[c],[c],[x],[x],[x],[x],[x],,,,,,,,,,
East Midlands,Gonorrhoea,WSM,35 to 44,[c],[c],[c],[c],[c],[x],[x],[x],[x],[x],,,,,,,,,,
East Midlands,Gonorrhoea,WSM,45 to 64,[c],[c],[c],[c],[c],[x],[x],[x],[x],[x],,,,,,,,,,
East Midlands,Gonorrhoea,WSM,65 and over,[c],[c],[c],[c],[c],[x],[x],[x],[x],[x],,,,,,,,,,
East Midlands,Gonorrhoea,WSM,Other,[c],[c],[c],[c],[c],[x],[x],[x],[x],[x],,,,,,,,,,
East Midlands,Gonorrhoea,WSM,Total,"1,642",986,795,"1,594","1,777",88.1,52.9,42.7,85.5,95.3,,,,,,,,,,
East Midlands,Gonorrhoea,WSW,13 to 14,[c],[c],[c],[c],[c],[x],[x],[x],[x],[x],,,,,,,,,,
East Midlands,Gonorrhoea,WSW,15 to 19,[c],[c],[c],[c],[c],[x],[x],[x],[x],[x],,,,,,,,,,
East Midlands,Gonorrhoea,WSW,20 to 24,[c],[c],[c],[c],[c],[x],[x],[x],[x],[x],,,,,,,,,,
East Midlands,Gonorrhoea,WSW,25 to 34,[c],[c],[c],[c],[c],[x],[x],[x],[x],[x],,,,,,,,,,
East Midlands,Gonorrhoea,WSW,35 to 44,[c],[c],[c],[c],[c],[x],[x],[x],[x],[x],,,,,,,,,,
East Midlands,Gonorrhoea,WSW,45 to 64,[c],[c],[c],[c],[c],[x],[x],[x],[x],[x],,,,,,,,,,
East Midlands,Gonorrhoea,WSW,65 and over,[c],[c],[c],[c],[c],[x],[x],[x],[x],[x],,,,,,,,,,
East Midlands,Gonorrhoea,WSW,Other,[c],[c],[c],[c],[c],[x],[x],[x],[x],[x],,,,,,,,,,
East Midlands,Gonorrhoea,WSW,Total,12,13,11,17,9,51.9,56.3,47.6,73.6,38.9,,,,,,,,,,
East Midlands,Gonorrhoea,Total,13 to 14,8,1,7,6,6,7.3,0.9,6.1,5.0,5.0,,,,,,,,,,
East Midlands,Gonorrhoea,Total,15 to 19,827,403,371,997,"1,052",299.1,144.2,130.4,343.6,362.6,,,,,,,,,,
East Midlands,Gonorrhoea,Total,20 to 24,"1,275",798,688,"1,585","1,717",402.6,257.5,225.6,517.9,561.1,,,,,,,,,,
East Midlands,Gonorrhoea,Total,25 to 34,"1,155",816,781,"1,168","1,274",187.7,132.3,126.2,187.0,204.0,,,,,,,,,,
East Midlands,Gonorrhoea,Total,35 to 44,396,281,352,460,540,67.6,47.4,58.4,74.3,87.3,,,,,,,,,,
East Midlands,Gonorrhoea,Total,45 to 64,351,208,209,336,439,27.4,16.2,16.2,26.1,34.1,,,,,,,,,,
East Midlands,Gonorrhoea,Total,65 and over,29,23,24,38,41,3.1,2.4,2.5,3.9,4.2,,,,,,,,,,
East Midlands,Gonorrhoea,Total,Other,2,1,0,1,3,[x],[x],[x],[x],[x],,,,,,,,,,
East Midlands,Gonorrhoea,Total,Total,"4,043","2,531","2,432","4,591","5,072",83.5,52.1,49.8,93.0,102.8,,,,,,,,,,
West Midlands,Gonorrhoea,Men,13 to 14,0,0,2,0,1,0.0,0.0,2.6,0.0,1.3,,,,,,,,,,
West Midlands,Gonorrhoea,Men,15 to 19,350,242,236,361,303,197.5,134.2,128.3,192.0,161.2,,,,,,,,,,
West Midlands,Gonorrhoea,Men,20 to 24,915,638,576,921,800,484.9,342.6,312.4,489.9,425.5,,,,,,,,,,
West Midlands,Gonorrhoea,Men,25 to 34,"1,259",798,931,"1,169","1,304",332.0,211.8,247.3,303.8,338.9,,,,,,,,,,
West Midlands,Gonorrhoea,Men,35 to 44,486,326,390,583,730,135.7,90.4,107.2,156.3,195.7,,,,,,,,,,
West Midlands,Gonorrhoea,Men,45 to 64,372,233,250,383,431,49.6,31.0,33.2,51.0,57.4,,,,,,,,,,
West Midlands,Gonorrhoea,Men,65 and over,27,15,16,44,36,5.3,2.9,3.1,8.4,6.9,,,,,,,,,,
West Midlands,Gonorrhoea,Men,Other,10,4,1,0,0,[x],[x],[x],[x],[x],,,,,,,,,,
West Midlands,Gonorrhoea,Men,Total,"3,419","2,256","2,402","3,461","3,605",117.2,77.2,82.0,116.7,121.5,,,,,,,,,,
West Midlands,Gonorrhoea,MSW,13 to 14,[c],[c],[c],[c],[c],[x],[x],[x],[x],[x],,,,,,,,,,
West Midlands,Gonorrhoea,MSW,15 to 19,[c],[c],[c],[c],[c],[x],[x],[x],[x],[x],,,,,,,,,,
West Midlands,Gonorrhoea,MSW,20 to 24,[c],[c],[c],[c],[c],[x],[x],[x],[x],[x],,,,,,,,,,
West Midlands,Gonorrhoea,MSW,25 to 34,[c],[c],[c],[c],[c],[x],[x],[x],[x],[x],,,,,,,,,,
West Midlands,Gonorrhoea,MSW,35 to 44,[c],[c],[c],[c],[c],[x],[x],[x],[x],[x],,,,,,,,,,
West Midlands,Gonorrhoea,MSW,45 to 64,[c],[c],[c],[c],[c],[x],[x],[x],[x],[x],,,,,,,,,,
West Midlands,Gonorrhoea,MSW,65 and over,[c],[c],[c],[c],[c],[x],[x],[x],[x],[x],,,,,,,,,,
West Midlands,Gonorrhoea,MSW,Other,[c],[c],[c],[c],[c],[x],[x],[x],[x],[x],,,,,,,,,,
West Midlands,Gonorrhoea,MSW,Total,"1,819","1,273",766,"1,371","1,484",86.2,60.3,36.3,65.0,70.3,,,,,,,,,,
West Midlands,Gonorrhoea,GBMSM,13 to 14,[c],[c],[c],[c],[c],[x],[x],[x],[x],[x],,,,,,,,,,
West Midlands,Gonorrhoea,GBMSM,15 to 19,[c],[c],[c],[c],[c],[x],[x],[x],[x],[x],,,,,,,,,,
West Midlands,Gonorrhoea,GBMSM,20 to 24,[c],[c],[c],[c],[c],[x],[x],[x],[x],[x],,,,,,,,,,
West Midlands,Gonorrhoea,GBMSM,25 to 34,[c],[c],[c],[c],[c],[x],[x],[x],[x],[x],,,,,,,,,,
West Midlands,Gonorrhoea,GBMSM,35 to 44,[c],[c],[c],[c],[c],[x],[x],[x],[x],[x],,,,,,,,,,
West Midlands,Gonorrhoea,GBMSM,45 to 64,[c],[c],[c],[c],[c],[x],[x],[x],[x],[x],,,,,,,,,,
West Midlands,Gonorrhoea,GBMSM,65 and over,[c],[c],[c],[c],[c],[x],[x],[x],[x],[x],,,,,,,,,,
West Midlands,Gonorrhoea,GBMSM,Other,[c],[c],[c],[c],[c],[x],[x],[x],[x],[x],,,,,,,,,,
West Midlands,Gonorrhoea,GBMSM,Total,"1,506",923,676,"1,233","1,407","3,062.3","1,876.8","1,374.6","2,507.2","2,861.0",,,,,,,,,,
West Midlands,Gonorrhoea,Women,13 to 14,4,2,3,2,1,5.8,2.8,4.1,2.7,1.3,,,,,,,,,,
West Midlands,Gonorrhoea,Women,15 to 19,628,436,356,534,539,373.7,255.2,204.8,303.4,306.3,,,,,,,,,,
West Midlands,Gonorrhoea,Women,20 to 24,810,602,615,793,849,439.4,333.6,344.2,445.8,477.2,,,,,,,,,,
West Midlands,Gonorrhoea,Women,25 to 34,586,446,488,560,598,148.6,113.2,123.7,141.1,150.7,,,,,,,,,,
West Midlands,Gonorrhoea,Women,35 to 44,131,87,160,186,213,35.5,23.2,41.8,47.2,54.1,,,,,,,,,,
West Midlands,Gonorrhoea,Women,45 to 64,82,38,70,72,79,10.8,5.0,9.1,9.4,10.3,,,,,,,,,,
West Midlands,Gonorrhoea,Women,65 and over,1,1,1,4,2,0.2,0.2,0.2,0.7,0.3,,,,,,,,,,
West Midlands,Gonorrhoea,Women,Other,0,0,0,0,0,[x],[x],[x],[x],[x],,,,,,,,,,
West Midlands,Gonorrhoea,Women,Total,"2,242","1,612","1,693","2,151","2,281",74.7,53.5,55.9,70.4,74.7,,,,,,,,,,
West Midlands,Gonorrhoea,WSM,13 to 14,[c],[c],[c],[c],[c],[x],[x],[x],[x],[x],,,,,,,,,,
West Midlands,Gonorrhoea,WSM,15 to 19,[c],[c],[c],[c],[c],[x],[x],[x],[x],[x],,,,,,,,,,
West Midlands,Gonorrhoea,WSM,20 to 24,[c],[c],[c],[c],[c],[x],[x],[x],[x],[x],,,,,,,,,,
West Midlands,Gonorrhoea,WSM,25 to 34,[c],[c],[c],[c],[c],[x],[x],[x],[x],[x],,,,,,,,,,
West Midlands,Gonorrhoea,WSM,35 to 44,[c],[c],[c],[c],[c],[x],[x],[x],[x],[x],,,,,,,,,,
West Midlands,Gonorrhoea,WSM,45 to 64,[c],[c],[c],[c],[c],[x],[x],[x],[x],[x],,,,,,,,,,
West Midlands,Gonorrhoea,WSM,65 and over,[c],[c],[c],[c],[c],[x],[x],[x],[x],[x],,,,,,,,,,
West Midlands,Gonorrhoea,WSM,Other,[c],[c],[c],[c],[c],[x],[x],[x],[x],[x],,,,,,,,,,
West Midlands,Gonorrhoea,WSM,Total,"2,174","1,560","1,057","1,521","1,626",97.0,69.6,47.2,67.9,72.6,,,,,,,,,,
West Midlands,Gonorrhoea,WSW,13 to 14,[c],[c],[c],[c],[c],[x],[x],[x],[x],[x],,,,,,,,,,
West Midlands,Gonorrhoea,WSW,15 to 19,[c],[c],[c],[c],[c],[x],[x],[x],[x],[x],,,,,,,,,,
West Midlands,Gonorrhoea,WSW,20 to 24,[c],[c],[c],[c],[c],[x],[x],[x],[x],[x],,,,,,,,,,
West Midlands,Gonorrhoea,WSW,25 to 34,[c],[c],[c],[c],[c],[x],[x],[x],[x],[x],,,,,,,,,,
West Midlands,Gonorrhoea,WSW,35 to 44,[c],[c],[c],[c],[c],[x],[x],[x],[x],[x],,,,,,,,,,
West Midlands,Gonorrhoea,WSW,45 to 64,[c],[c],[c],[c],[c],[x],[x],[x],[x],[x],,,,,,,,,,
West Midlands,Gonorrhoea,WSW,65 and over,[c],[c],[c],[c],[c],[x],[x],[x],[x],[x],,,,,,,,,,
West Midlands,Gonorrhoea,WSW,Other,[c],[c],[c],[c],[c],[x],[x],[x],[x],[x],,,,,,,,,,
West Midlands,Gonorrhoea,WSW,Total,8,26,31,28,11,32.7,106.1,126.5,114.3,44.9,,,,,,,,,,
West Midlands,Gonorrhoea,Total,13 to 14,4,2,5,2,3,2.8,1.4,3.4,1.3,2.0,,,,,,,,,,
West Midlands,Gonorrhoea,Total,15 to 19,"1,013",708,627,954,896,293.4,201.6,175.3,262.1,246.2,,,,,,,,,,
West Midlands,Gonorrhoea,Total,20 to 24,"1,776","1,270","1,240","1,829","1,762",476.1,346.3,341.5,499.9,481.5,,,,,,,,,,
West Midlands,Gonorrhoea,Total,25 to 34,"1,903","1,290","1,486","1,816","2,034",246.0,167.4,192.7,232.4,260.2,,,,,,,,,,
West Midlands,Gonorrhoea,Total,35 to 44,637,424,581,816,994,87.6,57.6,77.8,106.4,129.6,,,,,,,,,,
West Midlands,Gonorrhoea,Total,45 to 64,469,291,342,484,552,31.0,19.2,22.5,31.9,36.4,,,,,,,,,,
West Midlands,Gonorrhoea,Total,65 and over,31,16,19,55,41,2.8,1.4,1.7,4.8,3.6,,,,,,,,,,
West Midlands,Gonorrhoea,Total,Other,11,4,1,0,0,[x],[x],[x],[x],[x],,,,,,,,,,
West Midlands,Gonorrhoea,Total,Total,"5,844","4,005","4,301","5,956","6,282",98.7,67.5,72.2,98.9,104.3,,,,,,,,,,
North East,Gonorrhoea,Men,13 to 14,0,0,1,2,0,0.0,0.0,3.2,6.2,0.0,,,,,,,,,,
North East,Gonorrhoea,Men,15 to 19,114,79,70,232,233,155.0,106.5,92.0,292.9,294.1,,,,,,,,,,
North East,Gonorrhoea,Men,20 to 24,320,191,191,551,530,371.8,227.6,232.8,652.0,627.1,,,,,,,,,,
North East,Gonorrhoea,Men,25 to 34,420,309,303,529,598,261.5,193.1,190.1,320.9,362.7,,,,,,,,,,
North East,Gonorrhoea,Men,35 to 44,157,115,130,243,255,104.6,75.9,84.2,151.8,159.3,,,,,,,,,,
North East,Gonorrhoea,Men,45 to 64,130,67,75,134,179,37.2,19.3,21.7,39.0,52.2,,,,,,,,,,
North East,Gonorrhoea,Men,65 and over,10,5,8,12,24,4.1,2.0,3.2,4.7,9.4,,,,,,,,,,
North East,Gonorrhoea,Men,Other,1,0,0,0,0,[x],[x],[x],[x],[x],,,,,,,,,,
North East,Gonorrhoea,Men,Total,"1,152",766,778,"1,703","1,819",89.3,59.4,60.2,129.6,138.4,,,,,,,,,,
North East,Gonorrhoea,MSW,13 to 14,[c],[c],[c],[c],[c],[x],[x],[x],[x],[x],,,,,,,,,,
North East,Gonorrhoea,MSW,15 to 19,[c],[c],[c],[c],[c],[x],[x],[x],[x],[x],,,,,,,,,,
North East,Gonorrhoea,MSW,20 to 24,[c],[c],[c],[c],[c],[x],[x],[x],[x],[x],,,,,,,,,,
North East,Gonorrhoea,MSW,25 to 34,[c],[c],[c],[c],[c],[x],[x],[x],[x],[x],,,,,,,,,,
North East,Gonorrhoea,MSW,35 to 44,[c],[c],[c],[c],[c],[x],[x],[x],[x],[x],,,,,,,,,,
North East,Gonorrhoea,MSW,45 to 64,[c],[c],[c],[c],[c],[x],[x],[x],[x],[x],,,,,,,,,,
North East,Gonorrhoea,MSW,65 and over,[c],[c],[c],[c],[c],[x],[x],[x],[x],[x],,,,,,,,,,
North East,Gonorrhoea,MSW,Other,[c],[c],[c],[c],[c],[x],[x],[x],[x],[x],,,,,,,,,,
North East,Gonorrhoea,MSW,Total,486,351,265,772,852,50.5,36.5,27.5,80.2,88.6,,,,,,,,,,
North East,Gonorrhoea,GBMSM,13 to 14,[c],[c],[c],[c],[c],[x],[x],[x],[x],[x],,,,,,,,,,
North East,Gonorrhoea,GBMSM,15 to 19,[c],[c],[c],[c],[c],[x],[x],[x],[x],[x],,,,,,,,,,
North East,Gonorrhoea,GBMSM,20 to 24,[c],[c],[c],[c],[c],[x],[x],[x],[x],[x],,,,,,,,,,
North East,Gonorrhoea,GBMSM,25 to 34,[c],[c],[c],[c],[c],[x],[x],[x],[x],[x],,,,,,,,,,
North East,Gonorrhoea,GBMSM,35 to 44,[c],[c],[c],[c],[c],[x],[x],[x],[x],[x],,,,,,,,,,
North East,Gonorrhoea,GBMSM,45 to 64,[c],[c],[c],[c],[c],[x],[x],[x],[x],[x],,,,,,,,,,
North East,Gonorrhoea,GBMSM,65 and over,[c],[c],[c],[c],[c],[x],[x],[x],[x],[x],,,,,,,,,,
North East,Gonorrhoea,GBMSM,Other,[c],[c],[c],[c],[c],[x],[x],[x],[x],[x],,,,,,,,,,
North East,Gonorrhoea,GBMSM,Total,654,398,486,884,922,"2,501.2","1,522.2","1,858.7","3,380.9","3,526.2",,,,,,,,,,
North East,Gonorrhoea,Women,13 to 14,0,1,0,3,2,0.0,3.4,0.0,9.8,6.5,,,,,,,,,,
North East,Gonorrhoea,Women,15 to 19,225,121,117,411,361,321.3,169.9,160.0,543.9,477.7,,,,,,,,,,
North East,Gonorrhoea,Women,20 to 24,278,162,133,486,465,332.3,199.2,166.1,604.7,578.6,,,,,,,,,,
North East,Gonorrhoea,Women,25 to 34,165,125,107,194,222,98.1,74.3,63.5,113.6,130.0,,,,,,,,,,
North East,Gonorrhoea,Women,35 to 44,42,38,21,41,67,26.7,23.8,12.9,24.3,39.7,,,,,,,,,,
North East,Gonorrhoea,Women,45 to 64,29,9,17,21,26,7.9,2.5,4.7,5.8,7.2,,,,,,,,,,
North East,Gonorrhoea,Women,65 and over,0,0,0,0,0,0.0,0.0,0.0,0.0,0.0,,,,,,,,,,
North East,Gonorrhoea,Women,Other,0,0,0,0,0,[x],[x],[x],[x],[x],,,,,,,,,,
North East,Gonorrhoea,Women,Total,739,456,395,"1,156","1,143",54.9,33.8,29.2,84.4,83.5,,,,,,,,,,
North East,Gonorrhoea,WSM,13 to 14,[c],[c],[c],[c],[c],[x],[x],[x],[x],[x],,,,,,,,,,
North East,Gonorrhoea,WSM,15 to 19,[c],[c],[c],[c],[c],[x],[x],[x],[x],[x],,,,,,,,,,
North East,Gonorrhoea,WSM,20 to 24,[c],[c],[c],[c],[c],[x],[x],[x],[x],[x],,,,,,,,,,
North East,Gonorrhoea,WSM,25 to 34,[c],[c],[c],[c],[c],[x],[x],[x],[x],[x],,,,,,,,,,
North East,Gonorrhoea,WSM,35 to 44,[c],[c],[c],[c],[c],[x],[x],[x],[x],[x],,,,,,,,,,
North East,Gonorrhoea,WSM,45 to 64,[c],[c],[c],[c],[c],[x],[x],[x],[x],[x],,,,,,,,,,
North East,Gonorrhoea,WSM,65 and over,[c],[c],[c],[c],[c],[x],[x],[x],[x],[x],,,,,,,,,,
North East,Gonorrhoea,WSM,Other,[c],[c],[c],[c],[c],[x],[x],[x],[x],[x],,,,,,,,,,
North East,Gonorrhoea,WSM,Total,713,441,366,"1,074","1,074",68.6,42.4,35.2,103.3,103.3,,,,,,,,,,
North East,Gonorrhoea,WSW,13 to 14,[c],[c],[c],[c],[c],[x],[x],[x],[x],[x],,,,,,,,,,
North East,Gonorrhoea,WSW,15 to 19,[c],[c],[c],[c],[c],[x],[x],[x],[x],[x],,,,,,,,,,
North East,Gonorrhoea,WSW,20 to 24,[c],[c],[c],[c],[c],[x],[x],[x],[x],[x],,,,,,,,,,
North East,Gonorrhoea,WSW,25 to 34,[c],[c],[c],[c],[c],[x],[x],[x],[x],[x],,,,,,,,,,
North East,Gonorrhoea,WSW,35 to 44,[c],[c],[c],[c],[c],[x],[x],[x],[x],[x],,,,,,,,,,
North East,Gonorrhoea,WSW,45 to 64,[c],[c],[c],[c],[c],[x],[x],[x],[x],[x],,,,,,,,,,
North East,Gonorrhoea,WSW,65 and over,[c],[c],[c],[c],[c],[x],[x],[x],[x],[x],,,,,,,,,,
North East,Gonorrhoea,WSW,Other,[c],[c],[c],[c],[c],[x],[x],[x],[x],[x],,,,,,,,,,
North East,Gonorrhoea,WSW,Total,4,4,10,11,10,26.0,26.0,65.1,71.6,65.1,,,,,,,,,,
North East,Gonorrhoea,Total,13 to 14,0,1,1,5,2,0.0,1.7,1.6,8.0,3.2,,,,,,,,,,
North East,Gonorrhoea,Total,15 to 19,348,215,196,703,628,242.3,147.9,131.4,454.2,405.7,,,,,,,,,,
North East,Gonorrhoea,Total,20 to 24,615,374,342,"1,119","1,032",362.3,226.3,211.0,678.7,625.9,,,,,,,,,,
North East,Gonorrhoea,Total,25 to 34,605,463,428,776,835,184.0,141.0,130.5,231.2,248.8,,,,,,,,,,
North East,Gonorrhoea,Total,35 to 44,213,162,158,307,336,69.3,52.1,49.8,93.3,102.1,,,,,,,,,,
North East,Gonorrhoea,Total,45 to 64,166,86,97,164,213,23.2,12.1,13.7,23.3,30.3,,,,,,,,,,
North East,Gonorrhoea,Total,65 and over,10,7,8,17,24,1.9,1.3,1.5,3.1,4.3,,,,,,,,,,
North East,Gonorrhoea,Total,Other,1,0,0,0,0,[x],[x],[x],[x],[x],,,,,,,,,,
North East,Gonorrhoea,Total,Total,"1,958","1,308","1,230","3,091","3,070",74.3,49.6,46.5,115.2,114.4,,,,,,,,,,
North West,Gonorrhoea,Men,13 to 14,1,1,1,0,6,1.1,1.1,1.1,0.0,6.3,,,,,,,,,,
North West,Gonorrhoea,Men,15 to 19,376,187,236,540,574,179.5,87.3,107.1,236.7,251.6,,,,,,,,,,
North West,Gonorrhoea,Men,20 to 24,"1,154",670,679,"1,340","1,410",504.8,297.6,300.5,575.5,605.5,,,,,,,,,,
North West,Gonorrhoea,Men,25 to 34,"1,875","1,213","1,356","2,138","2,236",390.8,253.9,283.7,437.7,457.8,,,,,,,,,,
North West,Gonorrhoea,Men,35 to 44,770,508,534,941,"1,058",173.1,113.0,116.9,200.7,225.6,,,,,,,,,,
North West,Gonorrhoea,Men,45 to 64,461,295,330,541,528,48.4,31.0,34.6,57.0,55.6,,,,,,,,,,
North West,Gonorrhoea,Men,65 and over,36,17,14,43,38,5.7,2.7,2.2,6.6,5.8,,,,,,,,,,
North West,Gonorrhoea,Men,Other,15,7,0,0,0,[x],[x],[x],[x],[x],,,,,,,,,,
North West,Gonorrhoea,Men,Total,"4,688","2,898","3,150","5,543","5,850",129.6,80.0,86.5,150.1,158.4,,,,,,,,,,
North West,Gonorrhoea,MSW,13 to 14,[c],[c],[c],[c],[c],[x],[x],[x],[x],[x],,,,,,,,,,
North West,Gonorrhoea,MSW,15 to 19,[c],[c],[c],[c],[c],[x],[x],[x],[x],[x],,,,,,,,,,
North West,Gonorrhoea,MSW,20 to 24,[c],[c],[c],[c],[c],[x],[x],[x],[x],[x],,,,,,,,,,
North West,Gonorrhoea,MSW,25 to 34,[c],[c],[c],[c],[c],[x],[x],[x],[x],[x],,,,,,,,,,
North West,Gonorrhoea,MSW,35 to 44,[c],[c],[c],[c],[c],[x],[x],[x],[x],[x],,,,,,,,,,
North West,Gonorrhoea,MSW,45 to 64,[c],[c],[c],[c],[c],[x],[x],[x],[x],[x],,,,,,,,,,
North West,Gonorrhoea,MSW,65 and over,[c],[c],[c],[c],[c],[x],[x],[x],[x],[x],,,,,,,,,,
North West,Gonorrhoea,MSW,Other,[c],[c],[c],[c],[c],[x],[x],[x],[x],[x],,,,,,,,,,
North West,Gonorrhoea,MSW,Total,"1,684","1,049","1,071","2,013","2,280",63.7,39.7,40.5,76.2,86.3,,,,,,,,,,
North West,Gonorrhoea,GBMSM,13 to 14,[c],[c],[c],[c],[c],[x],[x],[x],[x],[x],,,,,,,,,,
North West,Gonorrhoea,GBMSM,15 to 19,[c],[c],[c],[c],[c],[x],[x],[x],[x],[x],,,,,,,,,,
North West,Gonorrhoea,GBMSM,20 to 24,[c],[c],[c],[c],[c],[x],[x],[x],[x],[x],,,,,,,,,,
North West,Gonorrhoea,GBMSM,25 to 34,[c],[c],[c],[c],[c],[x],[x],[x],[x],[x],,,,,,,,,,
North West,Gonorrhoea,GBMSM,35 to 44,[c],[c],[c],[c],[c],[x],[x],[x],[x],[x],,,,,,,,,,
North West,Gonorrhoea,GBMSM,45 to 64,[c],[c],[c],[c],[c],[x],[x],[x],[x],[x],,,,,,,,,,
North West,Gonorrhoea,GBMSM,65 and over,[c],[c],[c],[c],[c],[x],[x],[x],[x],[x],,,,,,,,,,
North West,Gonorrhoea,GBMSM,Other,[c],[c],[c],[c],[c],[x],[x],[x],[x],[x],,,,,,,,,,
North West,Gonorrhoea,GBMSM,Total,"2,900","1,773","1,981","3,367","3,398","3,515.6","2,149.4","2,401.5","4,081.7","4,119.3",,,,,,,,,,
North West,Gonorrhoea,Women,13 to 14,12,3,1,4,12,14.4,3.6,1.1,4.5,13.4,,,,,,,,,,
North West,Gonorrhoea,Women,15 to 19,630,264,275,878,898,313.6,128.9,130.3,407.2,416.5,,,,,,,,,,
North West,Gonorrhoea,Women,20 to 24,867,464,515,"1,133","1,237",373.8,204.5,226.8,491.2,536.3,,,,,,,,,,
North West,Gonorrhoea,Women,25 to 34,634,412,461,772,790,126.3,82.0,91.6,152.1,155.6,,,,,,,,,,
North West,Gonorrhoea,Women,35 to 44,142,99,120,182,263,31.0,21.2,25.1,37.0,53.5,,,,,,,,,,
North West,Gonorrhoea,Women,45 to 64,46,40,48,65,75,4.7,4.1,4.9,6.7,7.7,,,,,,,,,,
North West,Gonorrhoea,Women,65 and over,2,0,2,5,4,0.3,0.0,0.3,0.7,0.5,,,,,,,,,,
North West,Gonorrhoea,Women,Other,0,1,0,0,0,[x],[x],[x],[x],[x],,,,,,,,,,
North West,Gonorrhoea,Women,Total,"2,333","1,283","1,422","3,039","3,279",62.3,34.2,37.6,79.5,85.8,,,,,,,,,,
North West,Gonorrhoea,WSM,13 to 14,[c],[c],[c],[c],[c],[x],[x],[x],[x],[x],,,,,,,,,,
North West,Gonorrhoea,WSM,15 to 19,[c],[c],[c],[c],[c],[x],[x],[x],[x],[x],,,,,,,,,,
North West,Gonorrhoea,WSM,20 to 24,[c],[c],[c],[c],[c],[x],[x],[x],[x],[x],,,,,,,,,,
North West,Gonorrhoea,WSM,25 to 34,[c],[c],[c],[c],[c],[x],[x],[x],[x],[x],,,,,,,,,,
North West,Gonorrhoea,WSM,35 to 44,[c],[c],[c],[c],[c],[x],[x],[x],[x],[x],,,,,,,,,,
North West,Gonorrhoea,WSM,45 to 64,[c],[c],[c],[c],[c],[x],[x],[x],[x],[x],,,,,,,,,,
North West,Gonorrhoea,WSM,65 and over,[c],[c],[c],[c],[c],[x],[x],[x],[x],[x],,,,,,,,,,
North West,Gonorrhoea,WSM,Other,[c],[c],[c],[c],[c],[x],[x],[x],[x],[x],,,,,,,,,,
North West,Gonorrhoea,WSM,Total,"2,259","1,235","1,377","2,887","3,130",79.6,43.5,48.5,101.7,110.2,,,,,,,,,,
North West,Gonorrhoea,WSW,13 to 14,[c],[c],[c],[c],[c],[x],[x],[x],[x],[x],,,,,,,,,,
North West,Gonorrhoea,WSW,15 to 19,[c],[c],[c],[c],[c],[x],[x],[x],[x],[x],,,,,,,,,,
North West,Gonorrhoea,WSW,20 to 24,[c],[c],[c],[c],[c],[x],[x],[x],[x],[x],,,,,,,,,,
North West,Gonorrhoea,WSW,25 to 34,[c],[c],[c],[c],[c],[x],[x],[x],[x],[x],,,,,,,,,,
North West,Gonorrhoea,WSW,35 to 44,[c],[c],[c],[c],[c],[x],[x],[x],[x],[x],,,,,,,,,,
North West,Gonorrhoea,WSW,45 to 64,[c],[c],[c],[c],[c],[x],[x],[x],[x],[x],,,,,,,,,,
North West,Gonorrhoea,WSW,65 and over,[c],[c],[c],[c],[c],[x],[x],[x],[x],[x],,,,,,,,,,
North West,Gonorrhoea,WSW,Other,[c],[c],[c],[c],[c],[x],[x],[x],[x],[x],,,,,,,,,,
North West,Gonorrhoea,WSW,Total,15,12,13,31,43,36.7,29.3,31.8,75.8,105.1,,,,,,,,,,
North West,Gonorrhoea,Total,13 to 14,14,4,2,9,19,8.1,2.3,1.1,4.9,10.3,,,,,,,,,,
North West,Gonorrhoea,Total,15 to 19,"1,028",468,556,"1,627","1,616",250.5,111.7,128.9,366.6,364.2,,,,,,,,,,
North West,Gonorrhoea,Total,20 to 24,"2,070","1,192","1,290","2,836","2,904",449.4,263.7,284.7,611.9,626.5,,,,,,,,,,
North West,Gonorrhoea,Total,25 to 34,"2,565","1,696","1,936","3,268","3,228",261.2,173.0,197.3,328.1,324.0,,,,,,,,,,
North West,Gonorrhoea,Total,35 to 44,930,630,700,"1,270","1,435",103.0,68.8,74.9,132.2,149.4,,,,,,,,,,
North West,Gonorrhoea,Total,45 to 64,522,349,404,690,661,27.1,18.1,21.0,35.9,34.4,,,,,,,,,,
North West,Gonorrhoea,Total,65 and over,38,17,19,54,47,2.8,1.2,1.4,3.8,3.3,,,,,,,,,,
North West,Gonorrhoea,Total,Other,17,8,0,0,0,[x],[x],[x],[x],[x],,,,,,,,,,
North West,Gonorrhoea,Total,Total,"7,184","4,364","4,907","9,754","9,910",97.6,59.1,66.1,129.8,131.9,,,,,,,,,,
Yorkshire and the Humber,Gonorrhoea,Men,13 to 14,5,2,0,1,0,7.7,3.1,0.0,1.4,0.0,,,,,,,,,,
Yorkshire and the Humber,Gonorrhoea,Men,15 to 19,265,190,200,448,386,165.6,117.4,121.1,263.9,227.4,,,,,,,,,,
Yorkshire and the Humber,Gonorrhoea,Men,20 to 24,786,467,545,"1,084",934,435.3,264.8,316.4,613.1,528.2,,,,,,,,,,
Yorkshire and the Humber,Gonorrhoea,Men,25 to 34,961,647,784,"1,265","1,210",273.6,184.6,224.5,355.3,339.8,,,,,,,,,,
Yorkshire and the Humber,Gonorrhoea,Men,35 to 44,389,221,334,484,560,119.3,67.3,100.7,142.1,164.4,,,,,,,,,,
Yorkshire and the Humber,Gonorrhoea,Men,45 to 64,273,170,211,364,340,38.8,24.2,30.1,52.2,48.7,,,,,,,,,,
Yorkshire and the Humber,Gonorrhoea,Men,65 and over,22,8,15,40,34,4.7,1.7,3.1,8.2,6.9,,,,,,,,,,
Yorkshire and the Humber,Gonorrhoea,Men,Other,1,2,1,0,3,[x],[x],[x],[x],[x],,,,,,,,,,
Yorkshire and the Humber,Gonorrhoea,Men,Total,"2,702","1,707","2,090","3,686","3,467",100.6,63.6,77.7,135.4,127.3,,,,,,,,,,
Yorkshire and the Humber,Gonorrhoea,MSW,13 to 14,[c],[c],[c],[c],[c],[x],[x],[x],[x],[x],,,,,,,,,,
Yorkshire and the Humber,Gonorrhoea,MSW,15 to 19,[c],[c],[c],[c],[c],[x],[x],[x],[x],[x],,,,,,,,,,
Yorkshire and the Humber,Gonorrhoea,MSW,20 to 24,[c],[c],[c],[c],[c],[x],[x],[x],[x],[x],,,,,,,,,,
Yorkshire and the Humber,Gonorrhoea,MSW,25 to 34,[c],[c],[c],[c],[c],[x],[x],[x],[x],[x],,,,,,,,,,
Yorkshire and the Humber,Gonorrhoea,MSW,35 to 44,[c],[c],[c],[c],[c],[x],[x],[x],[x],[x],,,,,,,,,,
Yorkshire and the Humber,Gonorrhoea,MSW,45 to 64,[c],[c],[c],[c],[c],[x],[x],[x],[x],[x],,,,,,,,,,
Yorkshire and the Humber,Gonorrhoea,MSW,65 and over,[c],[c],[c],[c],[c],[x],[x],[x],[x],[x],,,,,,,,,,
Yorkshire and the Humber,Gonorrhoea,MSW,Other,[c],[c],[c],[c],[c],[x],[x],[x],[x],[x],,,,,,,,,,
Yorkshire and the Humber,Gonorrhoea,MSW,Total,"1,266",838,915,"1,511","1,272",64.7,42.8,46.8,77.3,65.0,,,,,,,,,,
Yorkshire and the Humber,Gonorrhoea,GBMSM,13 to 14,[c],[c],[c],[c],[c],[x],[x],[x],[x],[x],,,,,,,,,,
Yorkshire and the Humber,Gonorrhoea,GBMSM,15 to 19,[c],[c],[c],[c],[c],[x],[x],[x],[x],[x],,,,,,,,,,
Yorkshire and the Humber,Gonorrhoea,GBMSM,20 to 24,[c],[c],[c],[c],[c],[x],[x],[x],[x],[x],,,,,,,,,,
Yorkshire and the Humber,Gonorrhoea,GBMSM,25 to 34,[c],[c],[c],[c],[c],[x],[x],[x],[x],[x],,,,,,,,,,
Yorkshire and the Humber,Gonorrhoea,GBMSM,35 to 44,[c],[c],[c],[c],[c],[x],[x],[x],[x],[x],,,,,,,,,,
Yorkshire and the Humber,Gonorrhoea,GBMSM,45 to 64,[c],[c],[c],[c],[c],[x],[x],[x],[x],[x],,,,,,,,,,
Yorkshire and the Humber,Gonorrhoea,GBMSM,65 and over,[c],[c],[c],[c],[c],[x],[x],[x],[x],[x],,,,,,,,,,
Yorkshire and the Humber,Gonorrhoea,GBMSM,Other,[c],[c],[c],[c],[c],[x],[x],[x],[x],[x],,,,,,,,,,
Yorkshire and the Humber,Gonorrhoea,GBMSM,Total,"1,316",748,982,"1,651","1,672","2,545.7","1,446.9","1,899.6","3,193.7","3,234.4",,,,,,,,,,
Yorkshire and the Humber,Gonorrhoea,Women,13 to 14,8,5,8,3,1,12.9,8.0,12.5,4.6,1.5,,,,,,,,,,
Yorkshire and the Humber,Gonorrhoea,Women,15 to 19,490,313,266,847,640,319.3,202.5,169.6,526.8,398.0,,,,,,,,,,
Yorkshire and the Humber,Gonorrhoea,Women,20 to 24,597,456,392,"1,135",886,328.6,256.6,226.0,656.4,512.4,,,,,,,,,,
Yorkshire and the Humber,Gonorrhoea,Women,25 to 34,438,343,371,478,517,120.1,93.7,101.0,129.2,139.7,,,,,,,,,,
Yorkshire and the Humber,Gonorrhoea,Women,35 to 44,103,73,96,138,128,30.9,21.6,27.8,38.8,36.0,,,,,,,,,,
Yorkshire and the Humber,Gonorrhoea,Women,45 to 64,51,22,39,73,59,7.1,3.1,5.4,10.2,8.2,,,,,,,,,,
Yorkshire and the Humber,Gonorrhoea,Women,65 and over,1,1,1,1,3,0.2,0.2,0.2,0.2,0.5,,,,,,,,,,
Yorkshire and the Humber,Gonorrhoea,Women,Other,2,0,0,0,0,[x],[x],[x],[x],[x],,,,,,,,,,
Yorkshire and the Humber,Gonorrhoea,Women,Total,"1,690","1,213","1,173","2,675","2,234",60.8,43.6,42.0,94.9,79.3,,,,,,,,,,
Yorkshire and the Humber,Gonorrhoea,WSM,13 to 14,[c],[c],[c],[c],[c],[x],[x],[x],[x],[x],,,,,,,,,,
Yorkshire and the Humber,Gonorrhoea,WSM,15 to 19,[c],[c],[c],[c],[c],[x],[x],[x],[x],[x],,,,,,,,,,
Yorkshire and the Humber,Gonorrhoea,WSM,20 to 24,[c],[c],[c],[c],[c],[x],[x],[x],[x],[x],,,,,,,,,,
Yorkshire and the Humber,Gonorrhoea,WSM,25 to 34,[c],[c],[c],[c],[c],[x],[x],[x],[x],[x],,,,,,,,,,
Yorkshire and the Humber,Gonorrhoea,WSM,35 to 44,[c],[c],[c],[c],[c],[x],[x],[x],[x],[x],,,,,,,,,,
Yorkshire and the Humber,Gonorrhoea,WSM,45 to 64,[c],[c],[c],[c],[c],[x],[x],[x],[x],[x],,,,,,,,,,
Yorkshire and the Humber,Gonorrhoea,WSM,65 and over,[c],[c],[c],[c],[c],[x],[x],[x],[x],[x],,,,,,,,,,
Yorkshire and the Humber,Gonorrhoea,WSM,Other,[c],[c],[c],[c],[c],[x],[x],[x],[x],[x],,,,,,,,,,
Yorkshire and the Humber,Gonorrhoea,WSM,Total,"1,609","1,112","1,070","2,188","1,814",77.0,53.2,51.2,104.7,86.8,,,,,,,,,,
Yorkshire and the Humber,Gonorrhoea,WSW,13 to 14,[c],[c],[c],[c],[c],[x],[x],[x],[x],[x],,,,,,,,,,
Yorkshire and the Humber,Gonorrhoea,WSW,15 to 19,[c],[c],[c],[c],[c],[x],[x],[x],[x],[x],,,,,,,,,,
Yorkshire and the Humber,Gonorrhoea,WSW,20 to 24,[c],[c],[c],[c],[c],[x],[x],[x],[x],[x],,,,,,,,,,
Yorkshire and the Humber,Gonorrhoea,WSW,25 to 34,[c],[c],[c],[c],[c],[x],[x],[x],[x],[x],,,,,,,,,,
Yorkshire and the Humber,Gonorrhoea,WSW,35 to 44,[c],[c],[c],[c],[c],[x],[x],[x],[x],[x],,,,,,,,,,
Yorkshire and the Humber,Gonorrhoea,WSW,45 to 64,[c],[c],[c],[c],[c],[x],[x],[x],[x],[x],,,,,,,,,,
Yorkshire and the Humber,Gonorrhoea,WSW,65 and over,[c],[c],[c],[c],[c],[x],[x],[x],[x],[x],,,,,,,,,,
Yorkshire and the Humber,Gonorrhoea,WSW,Other,[c],[c],[c],[c],[c],[x],[x],[x],[x],[x],,,,,,,,,,
Yorkshire and the Humber,Gonorrhoea,WSW,Total,9,12,8,23,26,31.2,41.6,27.7,79.7,90.1,,,,,,,,,,
Yorkshire and the Humber,Gonorrhoea,Total,13 to 14,13,7,8,4,1,10.3,5.5,6.1,3.0,0.7,,,,,,,,,,
Yorkshire and the Humber,Gonorrhoea,Total,15 to 19,756,504,474,"1,348","1,075",241.2,159.3,147.2,407.8,325.2,,,,,,,,,,
Yorkshire and the Humber,Gonorrhoea,Total,20 to 24,"1,388",928,952,"2,309","1,921",383.1,262.1,275.4,660.2,549.3,,,,,,,,,,
Yorkshire and the Humber,Gonorrhoea,Total,25 to 34,"1,407",998,"1,172","1,804","1,786",196.5,139.3,163.6,248.4,245.9,,,,,,,,,,
Yorkshire and the Humber,Gonorrhoea,Total,35 to 44,494,297,438,632,704,74.9,44.6,64.7,90.8,101.1,,,,,,,,,,
Yorkshire and the Humber,Gonorrhoea,Total,45 to 64,328,195,254,447,412,23.1,13.7,17.9,31.6,29.1,,,,,,,,,,
Yorkshire and the Humber,Gonorrhoea,Total,65 and over,23,10,17,41,39,2.2,1.0,1.6,3.9,3.7,,,,,,,,,,
Yorkshire and the Humber,Gonorrhoea,Total,Other,3,2,1,0,3,[x],[x],[x],[x],[x],,,,,,,,,,
Yorkshire and the Humber,Gonorrhoea,Total,Total,"4,412","2,941","3,316","6,585","5,941",80.7,53.8,60.5,118.8,107.2,,,,,,,,,,
South East,Gonorrhoea,Men,13 to 14,1,2,0,2,3,0.9,1.9,0.0,1.7,2.6,,,,,,,,,,
South East,Gonorrhoea,Men,15 to 19,311,186,131,440,420,121.1,71.6,49.7,164.2,156.7,,,,,,,,,,
South East,Gonorrhoea,Men,20 to 24,956,557,470,"1,080","1,148",366.3,216.5,183.5,425.2,452.0,,,,,,,,,,
South East,Gonorrhoea,Men,25 to 34,"1,548","1,111","1,022","1,418","1,653",288.3,207.4,189.7,262.6,306.1,,,,,,,,,,
South East,Gonorrhoea,Men,35 to 44,864,567,616,826,998,155.0,101.3,108.4,142.5,172.2,,,,,,,,,,
South East,Gonorrhoea,Men,45 to 64,701,515,498,736,909,60.2,44.0,42.4,62.6,77.3,,,,,,,,,,
South East,Gonorrhoea,Men,65 and over,52,32,32,72,89,6.6,4.0,4.0,8.8,10.8,,,,,,,,,,
South East,Gonorrhoea,Men,Other,4,6,0,0,0,[x],[x],[x],[x],[x],,,,,,,,,,
South East,Gonorrhoea,Men,Total,"4,437","2,976","2,769","4,574","5,220",101.6,68.0,62.8,102.9,117.4,,,,,,,,,,
South East,Gonorrhoea,MSW,13 to 14,[c],[c],[c],[c],[c],[x],[x],[x],[x],[x],,,,,,,,,,
South East,Gonorrhoea,MSW,15 to 19,[c],[c],[c],[c],[c],[x],[x],[x],[x],[x],,,,,,,,,,
South East,Gonorrhoea,MSW,20 to 24,[c],[c],[c],[c],[c],[x],[x],[x],[x],[x],,,,,,,,,,
South East,Gonorrhoea,MSW,25 to 34,[c],[c],[c],[c],[c],[x],[x],[x],[x],[x],,,,,,,,,,
South East,Gonorrhoea,MSW,35 to 44,[c],[c],[c],[c],[c],[x],[x],[x],[x],[x],,,,,,,,,,
South East,Gonorrhoea,MSW,45 to 64,[c],[c],[c],[c],[c],[x],[x],[x],[x],[x],,,,,,,,,,
South East,Gonorrhoea,MSW,65 and over,[c],[c],[c],[c],[c],[x],[x],[x],[x],[x],,,,,,,,,,
South East,Gonorrhoea,MSW,Other,[c],[c],[c],[c],[c],[x],[x],[x],[x],[x],,,,,,,,,,
South East,Gonorrhoea,MSW,Total,"1,452",830,674,"1,440","1,662",45.4,26.0,21.1,45.0,52.0,,,,,,,,,,
South East,Gonorrhoea,GBMSM,13 to 14,[c],[c],[c],[c],[c],[x],[x],[x],[x],[x],,,,,,,,,,
South East,Gonorrhoea,GBMSM,15 to 19,[c],[c],[c],[c],[c],[x],[x],[x],[x],[x],,,,,,,,,,
South East,Gonorrhoea,GBMSM,20 to 24,[c],[c],[c],[c],[c],[x],[x],[x],[x],[x],,,,,,,,,,
South East,Gonorrhoea,GBMSM,25 to 34,[c],[c],[c],[c],[c],[x],[x],[x],[x],[x],,,,,,,,,,
South East,Gonorrhoea,GBMSM,35 to 44,[c],[c],[c],[c],[c],[x],[x],[x],[x],[x],,,,,,,,,,
South East,Gonorrhoea,GBMSM,45 to 64,[c],[c],[c],[c],[c],[x],[x],[x],[x],[x],,,,,,,,,,
South East,Gonorrhoea,GBMSM,65 and over,[c],[c],[c],[c],[c],[x],[x],[x],[x],[x],,,,,,,,,,
South East,Gonorrhoea,GBMSM,Other,[c],[c],[c],[c],[c],[x],[x],[x],[x],[x],,,,,,,,,,
South East,Gonorrhoea,GBMSM,Total,"2,749","2,014","1,970","2,919","3,331","2,990.0","2,190.5","2,142.7","3,174.9","3,623.0",,,,,,,,,,
South East,Gonorrhoea,Women,13 to 14,6,3,0,4,3,6.0,2.9,0.0,3.7,2.8,,,,,,,,,,
South East,Gonorrhoea,Women,15 to 19,455,234,171,493,563,187.5,95.6,69.1,196.5,224.4,,,,,,,,,,
South East,Gonorrhoea,Women,20 to 24,714,414,294,739,871,278.4,165.5,119.0,307.6,362.6,,,,,,,,,,
South East,Gonorrhoea,Women,25 to 34,555,390,266,393,512,99.1,69.5,46.9,69.4,90.4,,,,,,,,,,
South East,Gonorrhoea,Women,35 to 44,133,100,107,126,158,22.7,16.9,17.8,20.4,25.6,,,,,,,,,,
South East,Gonorrhoea,Women,45 to 64,78,50,52,86,91,6.5,4.1,4.3,7.1,7.5,,,,,,,,,,
South East,Gonorrhoea,Women,65 and over,3,0,0,4,1,0.3,0.0,0.0,0.4,0.1,,,,,,,,,,
South East,Gonorrhoea,Women,Other,2,0,0,0,0,[x],[x],[x],[x],[x],,,,,,,,,,
South East,Gonorrhoea,Women,Total,"1,946","1,191",890,"1,845","2,199",42.8,26.1,19.3,39.7,47.4,,,,,,,,,,
South East,Gonorrhoea,WSM,13 to 14,[c],[c],[c],[c],[c],[x],[x],[x],[x],[x],,,,,,,,,,
South East,Gonorrhoea,WSM,15 to 19,[c],[c],[c],[c],[c],[x],[x],[x],[x],[x],,,,,,,,,,
South East,Gonorrhoea,WSM,20 to 24,[c],[c],[c],[c],[c],[x],[x],[x],[x],[x],,,,,,,,,,
South East,Gonorrhoea,WSM,25 to 34,[c],[c],[c],[c],[c],[x],[x],[x],[x],[x],,,,,,,,,,
South East,Gonorrhoea,WSM,35 to 44,[c],[c],[c],[c],[c],[x],[x],[x],[x],[x],,,,,,,,,,
South East,Gonorrhoea,WSM,45 to 64,[c],[c],[c],[c],[c],[x],[x],[x],[x],[x],,,,,,,,,,
South East,Gonorrhoea,WSM,65 and over,[c],[c],[c],[c],[c],[x],[x],[x],[x],[x],,,,,,,,,,
South East,Gonorrhoea,WSM,Other,[c],[c],[c],[c],[c],[x],[x],[x],[x],[x],,,,,,,,,,
South East,Gonorrhoea,WSM,Total,"1,728","1,116",844,"1,693","2,047",50.0,32.3,24.4,49.0,59.3,,,,,,,,,,
South East,Gonorrhoea,WSW,13 to 14,[c],[c],[c],[c],[c],[x],[x],[x],[x],[x],,,,,,,,,,
South East,Gonorrhoea,WSW,15 to 19,[c],[c],[c],[c],[c],[x],[x],[x],[x],[x],,,,,,,,,,
South East,Gonorrhoea,WSW,20 to 24,[c],[c],[c],[c],[c],[x],[x],[x],[x],[x],,,,,,,,,,
South East,Gonorrhoea,WSW,25 to 34,[c],[c],[c],[c],[c],[x],[x],[x],[x],[x],,,,,,,,,,
South East,Gonorrhoea,WSW,35 to 44,[c],[c],[c],[c],[c],[x],[x],[x],[x],[x],,,,,,,,,,
South East,Gonorrhoea,WSW,45 to 64,[c],[c],[c],[c],[c],[x],[x],[x],[x],[x],,,,,,,,,,
South East,Gonorrhoea,WSW,65 and over,[c],[c],[c],[c],[c],[x],[x],[x],[x],[x],,,,,,,,,,
South East,Gonorrhoea,WSW,Other,[c],[c],[c],[c],[c],[x],[x],[x],[x],[x],,,,,,,,,,
South East,Gonorrhoea,WSW,Total,26,9,12,21,31,57.7,20.0,26.6,46.6,68.8,,,,,,,,,,
South East,Gonorrhoea,Total,13 to 14,7,6,1,6,7,3.4,2.9,0.5,2.7,3.1,,,,,,,,,,
South East,Gonorrhoea,Total,15 to 19,792,433,310,961,999,158.6,85.8,60.7,185.2,192.5,,,,,,,,,,
South East,Gonorrhoea,Total,20 to 24,"1,717","1,011",803,"1,882","2,065",331.8,199.3,159.6,380.8,417.8,,,,,,,,,,
South East,Gonorrhoea,Total,25 to 34,"2,155","1,546","1,340","1,864","2,216",196.5,140.9,121.2,168.5,200.3,,,,,,,,,,
South East,Gonorrhoea,Total,35 to 44,"1,014",682,742,980,"1,180",88.8,59.3,63.4,81.9,98.6,,,,,,,,,,
South East,Gonorrhoea,Total,45 to 64,801,577,576,835,"1,016",33.9,24.3,24.1,34.9,42.5,,,,,,,,,,
South East,Gonorrhoea,Total,65 and over,57,35,33,81,91,3.3,2.0,1.9,4.5,5.0,,,,,,,,,,
South East,Gonorrhoea,Total,Other,6,6,0,0,0,[x],[x],[x],[x],[x],,,,,,,,,,
South East,Gonorrhoea,Total,Total,"6,549","4,296","3,805","6,609","7,574",73.5,48.0,42.2,72.7,83.3,,,,,,,,,,
South West,Gonorrhoea,Men,13 to 14,0,1,0,1,0,0.0,1.6,0.0,1.5,0.0,,,,,,,,,,
South West,Gonorrhoea,Men,15 to 19,173,114,77,313,280,110.7,72.2,48.1,189.6,169.6,,,,,,,,,,
South West,Gonorrhoea,Men,20 to 24,505,312,229,679,800,294.0,182.8,134.0,394.1,464.3,,,,,,,,,,
South West,Gonorrhoea,Men,25 to 34,757,465,384,783,929,224.1,137.6,113.1,228.8,271.5,,,,,,,,,,
South West,Gonorrhoea,Men,35 to 44,313,230,160,330,463,97.0,70.6,48.2,97.1,136.2,,,,,,,,,,
South West,Gonorrhoea,Men,45 to 64,294,197,158,288,310,39.9,26.7,21.3,38.9,41.9,,,,,,,,,,
South West,Gonorrhoea,Men,65 and over,30,19,13,33,40,5.2,3.3,2.2,5.5,6.7,,,,,,,,,,
South West,Gonorrhoea,Men,Other,8,14,0,0,1,[x],[x],[x],[x],[x],,,,,,,,,,
South West,Gonorrhoea,Men,Total,"2,080","1,352","1,021","2,427","2,823",75.3,48.8,36.5,86.0,100.0,,,,,,,,,,
South West,Gonorrhoea,MSW,13 to 14,[c],[c],[c],[c],[c],[x],[x],[x],[x],[x],,,,,,,,,,
South West,Gonorrhoea,MSW,15 to 19,[c],[c],[c],[c],[c],[x],[x],[x],[x],[x],,,,,,,,,,
South West,Gonorrhoea,MSW,20 to 24,[c],[c],[c],[c],[c],[x],[x],[x],[x],[x],,,,,,,,,,
South West,Gonorrhoea,MSW,25 to 34,[c],[c],[c],[c],[c],[x],[x],[x],[x],[x],,,,,,,,,,
South West,Gonorrhoea,MSW,35 to 44,[c],[c],[c],[c],[c],[x],[x],[x],[x],[x],,,,,,,,,,
South West,Gonorrhoea,MSW,45 to 64,[c],[c],[c],[c],[c],[x],[x],[x],[x],[x],,,,,,,,,,
South West,Gonorrhoea,MSW,65 and over,[c],[c],[c],[c],[c],[x],[x],[x],[x],[x],,,,,,,,,,
South West,Gonorrhoea,MSW,Other,[c],[c],[c],[c],[c],[x],[x],[x],[x],[x],,,,,,,,,,
South West,Gonorrhoea,MSW,Total,678,421,275,769,906,32.8,20.4,13.3,37.2,43.8,,,,,,,,,,
South West,Gonorrhoea,GBMSM,13 to 14,[c],[c],[c],[c],[c],[x],[x],[x],[x],[x],,,,,,,,,,
South West,Gonorrhoea,GBMSM,15 to 19,[c],[c],[c],[c],[c],[x],[x],[x],[x],[x],,,,,,,,,,
South West,Gonorrhoea,GBMSM,20 to 24,[c],[c],[c],[c],[c],[x],[x],[x],[x],[x],,,,,,,,,,
South West,Gonorrhoea,GBMSM,25 to 34,[c],[c],[c],[c],[c],[x],[x],[x],[x],[x],,,,,,,,,,
South West,Gonorrhoea,GBMSM,35 to 44,[c],[c],[c],[c],[c],[x],[x],[x],[x],[x],,,,,,,,,,
South West,Gonorrhoea,GBMSM,45 to 64,[c],[c],[c],[c],[c],[x],[x],[x],[x],[x],,,,,,,,,,
South West,Gonorrhoea,GBMSM,65 and over,[c],[c],[c],[c],[c],[x],[x],[x],[x],[x],,,,,,,,,,
South West,Gonorrhoea,GBMSM,Other,[c],[c],[c],[c],[c],[x],[x],[x],[x],[x],,,,,,,,,,
South West,Gonorrhoea,GBMSM,Total,"1,264",845,670,"1,475","1,723","2,181.3","1,458.2","1,156.2","2,545.4","2,973.4",,,,,,,,,,
South West,Gonorrhoea,Women,13 to 14,3,2,1,0,0,5.1,3.3,1.6,0.0,0.0,,,,,,,,,,
South West,Gonorrhoea,Women,15 to 19,242,101,98,465,468,162.3,67.2,64.3,295.8,297.7,,,,,,,,,,
South West,Gonorrhoea,Women,20 to 24,369,200,157,555,640,222.1,122.0,96.3,342.8,395.3,,,,,,,,,,
South West,Gonorrhoea,Women,25 to 34,232,150,117,210,255,67.4,43.4,33.6,60.2,73.1,,,,,,,,,,
South West,Gonorrhoea,Women,35 to 44,77,41,45,47,80,23.1,12.1,13.0,13.3,22.6,,,,,,,,,,
South West,Gonorrhoea,Women,45 to 64,43,22,15,32,43,5.6,2.9,1.9,4.1,5.6,,,,,,,,,,
South West,Gonorrhoea,Women,65 and over,1,2,1,3,2,0.1,0.3,0.1,0.4,0.3,,,,,,,,,,
South West,Gonorrhoea,Women,Other,2,1,0,0,0,[x],[x],[x],[x],[x],,,,,,,,,,
South West,Gonorrhoea,Women,Total,969,519,434,"1,312","1,488",33.7,18.0,14.9,44.6,50.6,,,,,,,,,,
South West,Gonorrhoea,WSM,13 to 14,[c],[c],[c],[c],[c],[x],[x],[x],[x],[x],,,,,,,,,,
South West,Gonorrhoea,WSM,15 to 19,[c],[c],[c],[c],[c],[x],[x],[x],[x],[x],,,,,,,,,,
South West,Gonorrhoea,WSM,20 to 24,[c],[c],[c],[c],[c],[x],[x],[x],[x],[x],,,,,,,,,,
South West,Gonorrhoea,WSM,25 to 34,[c],[c],[c],[c],[c],[x],[x],[x],[x],[x],,,,,,,,,,
South West,Gonorrhoea,WSM,35 to 44,[c],[c],[c],[c],[c],[x],[x],[x],[x],[x],,,,,,,,,,
South West,Gonorrhoea,WSM,45 to 64,[c],[c],[c],[c],[c],[x],[x],[x],[x],[x],,,,,,,,,,
South West,Gonorrhoea,WSM,65 and over,[c],[c],[c],[c],[c],[x],[x],[x],[x],[x],,,,,,,,,,
South West,Gonorrhoea,WSM,Other,[c],[c],[c],[c],[c],[x],[x],[x],[x],[x],,,,,,,,,,
South West,Gonorrhoea,WSM,Total,865,484,402,"1,185","1,340",39.0,21.8,18.1,53.4,60.4,,,,,,,,,,
South West,Gonorrhoea,WSW,13 to 14,[c],[c],[c],[c],[c],[x],[x],[x],[x],[x],,,,,,,,,,
South West,Gonorrhoea,WSW,15 to 19,[c],[c],[c],[c],[c],[x],[x],[x],[x],[x],,,,,,,,,,
South West,Gonorrhoea,WSW,20 to 24,[c],[c],[c],[c],[c],[x],[x],[x],[x],[x],,,,,,,,,,
South West,Gonorrhoea,WSW,25 to 34,[c],[c],[c],[c],[c],[x],[x],[x],[x],[x],,,,,,,,,,
South West,Gonorrhoea,WSW,35 to 44,[c],[c],[c],[c],[c],[x],[x],[x],[x],[x],,,,,,,,,,
South West,Gonorrhoea,WSW,45 to 64,[c],[c],[c],[c],[c],[x],[x],[x],[x],[x],,,,,,,,,,
South West,Gonorrhoea,WSW,65 and over,[c],[c],[c],[c],[c],[x],[x],[x],[x],[x],,,,,,,,,,
South West,Gonorrhoea,WSW,Other,[c],[c],[c],[c],[c],[x],[x],[x],[x],[x],,,,,,,,,,
South West,Gonorrhoea,WSW,Total,2,5,5,10,17,6.9,17.3,17.3,34.7,58.9,,,,,,,,,,
South West,Gonorrhoea,Total,13 to 14,3,4,1,3,1,2.5,3.3,0.8,2.3,0.8,,,,,,,,,,
South West,Gonorrhoea,Total,15 to 19,426,218,191,850,817,139.5,70.7,61.1,263.7,253.5,,,,,,,,,,
South West,Gonorrhoea,Total,20 to 24,887,531,413,"1,361","1,586",262.5,158.7,123.7,407.3,474.6,,,,,,,,,,
South West,Gonorrhoea,Total,25 to 34,"1,006",629,525,"1,076","1,268",147.5,92.0,76.3,155.7,183.4,,,,,,,,,,
South West,Gonorrhoea,Total,35 to 44,404,287,228,417,582,61.6,43.3,33.7,60.1,83.9,,,,,,,,,,
South West,Gonorrhoea,Total,45 to 64,342,226,181,369,384,22.7,15.0,11.9,24.4,25.4,,,,,,,,,,
South West,Gonorrhoea,Total,65 and over,33,21,14,37,44,2.6,1.7,1.1,2.8,3.4,,,,,,,,,,
South West,Gonorrhoea,Total,Other,10,15,0,0,1,[x],[x],[x],[x],[x],,,,,,,,,,
South West,Gonorrhoea,Total,Total,"3,111","1,931","1,553","4,113","4,683",55.1,34.1,27.2,71.3,81.2,,,,,,,,,,
,,,,,,,,,,,,,,,,,,,,,,,
